level	dare
curious	Share a fantasy where you watch your wife flirt with someone else ğŸ’­
curious	Look at attractive men together and discuss what qualities she finds appealing ğŸ‘€
curious	Practice saying 'I enjoy seeing you desired by others' in the mirror ğŸ—£ï¸
curious	Watch a movie with a seduction scene and discuss how it makes you both feel ğŸ¬
curious	Share one thing that intrigues you about the idea of sharing your wife ğŸ’•
curious	Describe how you imagine you'd feel watching your wife receive attention from another man ğŸ“
curious	Browse social media together and point out men she finds attractive ğŸ“±
curious	Create a private code word for when you're both feeling adventurous about this topic ğŸ”
curious	Discuss your boundaries and what you're both comfortable exploring ğŸ—ºï¸
curious	Write down three fantasies you'd like to explore together ğŸ“
curious	Share what you find most attractive about your wife's confidence ğŸ’ª
curious	Discuss what makes your relationship strong enough to explore this dynamic ğŸ’
curious	Create a fantasy scenario together using only words ğŸ­
curious	Practice checking in with each other's emotions regularly â¤ï¸
curious	Share one new thing you learned about your wife's desires today ğŸ¯
curious	Discuss the difference between fantasy and reality in your relationship âš–ï¸
curious	Create a 'safe word' system for all your adventures ğŸ›‘
curious	Share what you appreciate about each other's openness ğŸ™
curious	Practice communicating desires without judgment ğŸ—¨ï¸
curious	Discuss what aftercare looks like for both of you ğŸ’–
curious	Share three things that make your relationship unique ğŸŒŸ
curious	Create a list of 'absolute no' boundaries together ğŸš«
curious	Practice giving and receiving compliments about attractiveness ğŸ’
curious	Discuss how to handle jealousy in healthy ways ğŸŒˆ
curious	Share what excited you most about today's conversation âš¡
curious	Create a fantasy bucket list together ğŸ“‹
curious	Practice saying 'I love you' after sharing vulnerable thoughts ğŸ’˜
curious	Discuss what trust means in your relationship ğŸ¤
curious	Share one thing you're curious to explore further â“
curious	Create a ritual for reconnecting after deep conversations ğŸ”„
curious	Practice active listening without interrupting ğŸ‘‚
curious	Discuss what makes you feel secure in your relationship ğŸ›¡ï¸
curious	Share your favorite quality about your wife's personality ğŸŒ¸
curious	Create a 'comfort menu' of things that make you feel safe ğŸœ
curious	Practice expressing boundaries clearly and kindly ğŸ¯
curious	Discuss how to recognize when to slow down ğŸ¢
curious	Share what you're most proud of in your relationship ğŸ†
curious	Create a list of 'green light' signals ğŸŸ¢
curious	Practice thanking each other for honesty ğŸ™Œ
curious	Discuss what emotional safety looks like for you ğŸ 
curious	Share one thing that surprised you about your wife ğŸ”
curious	Create a 'connection first' reminder system ğŸ’
curious	Practice validating each other's feelings ğŸŒˆ
curious	Discuss how to maintain intimacy during exploration ğŸ”—
curious	Share what growth means for your relationship ğŸŒ±
curious	Describe how you imagine feeling when your wife dresses to impress other men ğŸ‘—
curious	Discuss what you both find exciting about the attention she receives ğŸ¯
curious	Share how you envision handling a situation where someone flirts with your wife ğŸ’¬
curious	Practice describing your wife's attractive qualities as if to another man ğŸ—£ï¸
curious	Create a shared journal where you both write fantasies and thoughts ğŸ““
enthusiast	Help your wife choose an outfit that she feels attractive and confident in for a night out ğŸ‘—
enthusiast	Practice giving your wife permission to flirt with others when you're out together âœ…
enthusiast	Share details of past attractions your wife has had with you ğŸ“–
enthusiast	Visit a bar or social event and point out men you think would be interested in your wife ğŸ¸
enthusiast	Create a dating profile for your wife together, focusing on her best qualities ğŸ“±
enthusiast	Role-play a scenario where your wife is being approached by an attractive man ğŸ­
enthusiast	Dress your wife up for a 'date' and take photos of her looking her best ğŸ“¸
enthusiast	Practice negotiating boundaries for real-world scenarios ğŸ—£ï¸
enthusiast	Visit a social event and discreetly check out men together ğŸ‰
enthusiast	Share turn-ons about seeing your wife desired by others ğŸ”¥
enthusiast	Help your wife create an online dating profile and browse potential matches together ğŸ’»
enthusiast	Practice discussing your relationship dynamic with curious friends ğŸ’¬
enthusiast	Role-play your wife meeting someone new at a bar ğŸ­
enthusiast	Share what you find exciting about potential real experiences âš¡
enthusiast	Create a system for checking in during social situations ğŸ¯
enthusiast	Practice handling compliments about your wife from other men ğŸ’
enthusiast	Discuss what you'd want to know about potential partners ğŸ”
enthusiast	Share feelings about your wife dressing attractively for others ğŸ‘—
enthusiast	Create guidelines for safe online interactions ğŸŒ
enthusiast	Practice communicating desires in the moment ğŸ—¨ï¸
enthusiast	Discuss how to handle unexpected attractions ğŸ­
enthusiast	Share what you learn about yourselves through this journey ğŸ“š
enthusiast	Create rituals for reconnecting after social experiments ğŸ”„
enthusiast	Practice giving your wife 'permission' to enjoy attention âœ…
enthusiast	Discuss what you both need to feel valued and secure ğŸ’
enthusiast	Help your wife shop for lingerie that makes her feel sexy and confident ğŸ‘™
enthusiast	Practice describing your wife's best qualities to an imaginary admirer ğŸ—£ï¸
enthusiast	Share fantasies involving specific men you know ğŸ‘¥
enthusiast	Create a 'menu' of experiences you're both open to trying ğŸ“‹
enthusiast	Practice discussing your dynamic without embarrassment ğŸ—£ï¸
enthusiast	Explore what commitment means within your unique relationship ğŸ’
enthusiast	Share how this journey has strengthened your bond ğŸ”—
enthusiast	Create a celebration ritual for milestones ğŸ‰
enthusiast	Practice handling questions from curious friends ğŸ¤”
enthusiast	Discuss how to maintain your primary connection ğŸŒŸ
enthusiast	Share what you've discovered about your own desires ğŸ¯
enthusiast	Create a system for processing emotions together ğŸ› ï¸
enthusiast	Practice setting up safe social scenarios ğŸ­
enthusiast	Discuss what you both consider 'success' in this journey ğŸ†
enthusiast	Share appreciation for each other's courage and trust ğŸ™
enthusiast	Create a vision for your relationship's future together ğŸ”®
enthusiast	Practice navigating real-world flirtation together ğŸ’«
enthusiast	Discuss how to handle different types of reactions ğŸŒˆ
enthusiast	Share what makes your partnership unique and strong ğŸ’ª
enthusiast	Create a 'connection first' approach to all experiences ğŸ’–
enthusiast	Practice emotional check-ins during exciting moments â¤ï¸
enthusiast	Discuss how to balance excitement with security âš–ï¸
enthusiast	Share what you're learning about communication ğŸ“¢
enthusiast	Create a gratitude practice for your journey ğŸ™Œ
enthusiast	Practice celebrating small steps and progress ğŸŠ
devoted	Help your wife get ready for a date with another man, choosing her outfit and lingerie ğŸ‘”
devoted	Wait at home while your wife is on a date, sending her encouraging texts ğŸ“±
devoted	Share intimate details of your wife's date when she returns ğŸ’¬
devoted	Practice being home alone while thinking about your wife's date ğŸ 
devoted	Create a special welcome home ritual for after your wife's dates ğŸ‰
devoted	Help your wife prepare for her date physically and emotionally ğŸ›
devoted	Practice handling the anticipation and excitement together â³
devoted	Discuss what you both enjoyed about the date experience ğŸ—£ï¸
devoted	Create a memory book of your adventures together ğŸ“–
devoted	Share what turns you on about your wife's dating experiences ğŸ”¥
devoted	Help your wife create dating profiles on actual platforms and help her respond to messages ğŸ’»
devoted	Practice aftercare following your wife's real dating experiences ğŸ¤—
devoted	Discuss boundaries for physical intimacy on dates ğŸš¦
devoted	Share feelings about your wife developing connections with other men ğŸ’«
devoted	Create guidelines for communication during dates ğŸ“±
devoted	Practice processing jealousy in constructive ways ğŸŒˆ
devoted	Discuss what you learn about each other through these experiences ğŸ“š
devoted	Share appreciation for the trust and communication required ğŸ™
devoted	Create rituals for reconnecting after time apart ğŸ”„
devoted	Help your wife get ready for dates with excitement and support ğŸ¯
devoted	Practice discussing dates with humor and connection ğŸ˜„
devoted	Explore what you both want from these experiences ğŸ¯
devoted	Share how this dynamic enhances your sexual relationship ğŸ’–
devoted	Create a system for checking in about feelings regularly â¤ï¸
devoted	Practice handling questions from dates about your relationship ğŸ’¬
devoted	Discuss how to maintain your primary bond ğŸŒŸ
devoted	Share what surprises you about this journey ğŸ
devoted	Create celebrations for milestones in your journey ğŸŠ
devoted	Practice gratitude for the unique relationship you share ğŸ™Œ
devoted	Explore different types of dating scenarios ğŸŒ
devoted	Discuss what makes a 'good' date from both perspectives â­
devoted	Share how you've grown individually through this experience ğŸŒ±
devoted	Create a vision for where this journey might lead ğŸ”®
devoted	Practice handling unexpected emotions with compassion ğŸ’
devoted	Discuss how to balance safety with adventure âš–ï¸
devoted	Share what you're most proud of in your relationship ğŸ†
devoted	Create a 'relationship resume' of your strengths ğŸ“„
devoted	Practice communicating needs clearly and lovingly ğŸ—¨ï¸
devoted	Explore what commitment means in your unique dynamic ğŸ’
devoted	Discuss how to handle different types of dating partners ğŸ‘¥
devoted	Share what you've learned about love and relationships ğŸ’¡
devoted	Create a system for continuous learning and growth ğŸ“ˆ
devoted	Practice celebrating each other's happiness and experiences ğŸ‰
devoted	Discuss how to maintain intimacy through changes ğŸ”—
devoted	Share your hopes for the future of your relationship ğŸŒˆ
devoted	Create a 'connection first' approach to all adventures ğŸ’
devoted	Practice handling social situations as a unique couple ğŸ‘«
devoted	Discuss what makes your bond unbreakable ğŸ”
devoted	Share gratitude for the journey you're on together ğŸ™
devoted	Help your wife plan a weekend getaway with another man ğŸ—“ï¸
master	Arrange for your wife to have overnight dates with clear boundaries and check-ins ğŸŒ™
master	Share detailed accounts of your wife's intimate experiences with other men ğŸ“–
master	Create a system for including other men in your relationship dynamic ğŸ‘¥
master	Practice handling deep emotional connections your wife develops with additional partners ğŸ’«
master	Discuss long-term possibilities with consistent additional partners ğŸ“…
master	Share what you learn about love being non-exclusive through your wife's experiences ğŸ’
master	Create rituals for welcoming others into your dynamic ğŸ‰
master	Practice communicating complex emotions and boundaries ğŸ—£ï¸
master	Explore what commitment means in open relationship structures ğŸ’
master	Share how this dynamic transforms your understanding of love ğŸ”„
master	Create guidelines for multiple simultaneous connections ğŸŒ
master	Practice handling societal judgments and questions ğŸ›¡ï¸
master	Discuss how to maintain your primary connection through growth ğŸŒŸ
master	Share what you discover about your capacity for love through your wife's adventures âˆ
master	Create a support system with like-minded couples ğŸ‘¥
master	Practice navigating complex scheduling and emotional needs ğŸ—“ï¸
master	Explore different relationship structures and models ğŸ—ï¸
master	Discuss how to handle your wife falling in love with additional partners ğŸ’˜
master	Share what you learn about jealousy and compersion ğŸŒˆ
master	Create a relationship philosophy that works for you ğŸ“œ
master	Practice radical honesty in all communications ğŸ’
master	Explore the boundaries of your comfort zones ğŸ—ºï¸
master	Discuss how to handle unexpected pregnancies or STIs ğŸš¨
master	Share your evolving definition of family and commitment ğŸ 
master	Create a legacy for your unique relationship approach ğŸŒ±
master	Practice handling family and friend reactions ğŸ‘¨â€ğŸ‘©â€ğŸ‘§â€ğŸ‘¦
master	Explore long-term sustainability of your dynamic ğŸ“ˆ
master	Discuss how to age within your relationship structure ğŸ‘µğŸ‘´
master	Share what you want to teach others about love ğŸ’¡
master	Create a community around your relationship values ğŸŒ
master	Practice handling legal and practical considerations âš–ï¸
master	Explore spiritual aspects of non-monogamous love ğŸ™
master	Discuss how to handle wanting to close the relationship ğŸ”’
master	Share your most vulnerable fears and desires ğŸ’­
master	Create a system for continuous evolution and growth ğŸ”„
master	Practice celebrating the uniqueness of your path ğŸŠ
master	Explore what 'forever' means in your context â³
master	Discuss how to handle major life changes within your dynamic ğŸ­
master	Share your vision for a society that accepts diverse relationships ğŸŒˆ
master	Create a mentorship approach for newer couples ğŸ‘¥
master	Practice handling the complexities of multiple loves ğŸ’–
master	Explore the depths of trust and communication possible ğŸ—£ï¸
master	Discuss how to maintain individual identities within complexity ğŸ‘¤
master	Share what you've learned about human connection ğŸ”—
master	Create a philosophy of love that embraces complexity ğŸ’
master	Practice radical acceptance of all emotions experienced ğŸŒŠ
master	Explore the intersection of freedom and commitment ğŸ•Šï¸
master	Discuss how to leave a positive impact on others ğŸŒŸ
master	Share your gratitude for the extraordinary journey ğŸ™
master	Create a vision for love that transcends traditional boundaries ğŸš€
